target_name,validation,model,folds,n_test_total,elapsed_s_total,mae_mean,mae_std,mae_min,mae_max,rmse_mean,rmse_std,rmse_min,rmse_max,r2_mean,r2_std,r2_min,r2_max,pearson_mean,pearson_std,pearson_min,pearson_max,spearman_mean,spearman_std,spearman_min,spearman_max
attention,groupkfold_subject_fold_1,hgb_reg,1,8605,13.648747682571411,0.09681252040990418,0.0,0.09681252040990418,0.09681252040990418,0.12356319536591619,0.0,0.12356319536591619,0.12356319536591619,0.1853583773109122,0.0,0.1853583773109122,0.1853583773109122,0.44867791847858035,0.0,0.44867791847858035,0.44867791847858035,0.44089025088463035,0.0,0.44089025088463035,0.44089025088463035
attention,groupkfold_subject_fold_1,lgbm_reg,1,8605,17.786927223205566,0.09649805684588218,0.0,0.09649805684588218,0.09649805684588218,0.12309575454691904,0.0,0.12309575454691904,0.12309575454691904,0.1915103138515356,0.0,0.1915103138515356,0.1915103138515356,0.4604018327523787,0.0,0.4604018327523787,0.4604018327523787,0.450926868959483,0.0,0.450926868959483,0.450926868959483
attention,groupkfold_subject_fold_1,rf_reg,1,8605,434.6001310348511,0.0973974045479491,0.0,0.0973974045479491,0.0973974045479491,0.12463734104837393,0.0,0.12463734104837393,0.12463734104837393,0.17113331303854262,0.0,0.17113331303854262,0.17113331303854262,0.42641345245443857,0.0,0.42641345245443857,0.42641345245443857,0.4126008395176092,0.0,0.4126008395176092,0.4126008395176092
engagement,groupkfold_subject_fold_1,hgb_reg,1,9517,13.668521165847778,0.0981885479702611,0.0,0.0981885479702611,0.0981885479702611,0.12338403591025676,0.0,0.12338403591025676,0.12338403591025676,0.2198054970567772,0.0,0.2198054970567772,0.2198054970567772,0.4793812083507702,0.0,0.4793812083507702,0.4793812083507702,0.3741191925793188,0.0,0.3741191925793188,0.3741191925793188
engagement,groupkfold_subject_fold_1,lgbm_reg,1,9517,10.67389726638794,0.09789635327708025,0.0,0.09789635327708025,0.09789635327708025,0.12298906921676468,0.0,0.12298906921676468,0.12298906921676468,0.22479248953824238,0.0,0.22479248953824238,0.22479248953824238,0.4836664154479612,0.0,0.4836664154479612,0.4836664154479612,0.37746280481375566,0.0,0.37746280481375566,0.37746280481375566
engagement,groupkfold_subject_fold_1,rf_reg,1,9517,475.4116506576538,0.09960581001580042,0.0,0.09960581001580042,0.09960581001580042,0.12543011043343624,0.0,0.12543011043343624,0.12543011043343624,0.19371505374436304,0.0,0.19371505374436304,0.19371505374436304,0.44978761262680617,0.0,0.44978761262680617,0.44978761262680617,0.34372166420184935,0.0,0.34372166420184935,0.34372166420184935
excitement,groupkfold_subject_fold_1,hgb_reg,1,10175,12.728759050369263,0.1435199517499054,0.0,0.1435199517499054,0.1435199517499054,0.18201487579194683,0.0,0.18201487579194683,0.18201487579194683,0.47918384134144854,0.0,0.47918384134144854,0.47918384134144854,0.7080264889124248,0.0,0.7080264889124248,0.7080264889124248,0.6573303306000228,0.0,0.6573303306000228,0.6573303306000228
excitement,groupkfold_subject_fold_1,lgbm_reg,1,10175,10.849908590316772,0.14337415952147703,0.0,0.14337415952147703,0.14337415952147703,0.18167316681730164,0.0,0.18167316681730164,0.18167316681730164,0.48113753330699227,0.0,0.48113753330699227,0.48113753330699227,0.7120701468443353,0.0,0.7120701468443353,0.7120701468443353,0.6612385072395183,0.0,0.6612385072395183,0.6612385072395183
excitement,groupkfold_subject_fold_1,rf_reg,1,10175,512.4833586215973,0.15116292680096008,0.0,0.15116292680096008,0.15116292680096008,0.18630039167628826,0.0,0.18630039167628826,0.18630039167628826,0.4543700278513845,0.0,0.4543700278513845,0.4543700278513845,0.7055579573717559,0.0,0.7055579573717559,0.7055579573717559,0.6430255691716731,0.0,0.6430255691716731,0.6430255691716731
focus,groupkfold_subject_fold_1,hgb_reg,1,9123,12.214513540267944,0.09488244679883631,0.0,0.09488244679883631,0.09488244679883631,0.11929211000059622,0.0,0.11929211000059622,0.11929211000059622,0.17590305299329057,0.0,0.17590305299329057,0.17590305299329057,0.4515004827174439,0.0,0.4515004827174439,0.4515004827174439,0.4092301488298013,0.0,0.4092301488298013,0.4092301488298013
focus,groupkfold_subject_fold_1,lgbm_reg,1,9123,9.956025123596191,0.09366034489100225,0.0,0.09366034489100225,0.09366034489100225,0.11815223558018766,0.0,0.11815223558018766,0.11815223558018766,0.19157683146877125,0.0,0.19157683146877125,0.19157683146877125,0.46368470171984727,0.0,0.46368470171984727,0.46368470171984727,0.42451464219323376,0.0,0.42451464219323376,0.42451464219323376
focus,groupkfold_subject_fold_1,rf_reg,1,9123,460.77301836013794,0.09103060606302901,0.0,0.09103060606302901,0.09103060606302901,0.11690269959874403,0.0,0.11690269959874403,0.11690269959874403,0.2085856052544448,0.0,0.2085856052544448,0.2085856052544448,0.5062418808218291,0.0,0.5062418808218291,0.5062418808218291,0.4750000201421556,0.0,0.4750000201421556,0.4750000201421556
interest,groupkfold_subject_fold_1,hgb_reg,1,9115,11.988885879516602,0.05455555926193858,0.0,0.05455555926193858,0.05455555926193858,0.07538180767487948,0.0,0.07538180767487948,0.07538180767487948,0.27471064231513986,0.0,0.27471064231513986,0.27471064231513986,0.5510396722642392,0.0,0.5510396722642392,0.5510396722642392,0.3878413929389558,0.0,0.3878413929389558,0.3878413929389558
interest,groupkfold_subject_fold_1,lgbm_reg,1,9115,9.588738918304443,0.0547636160024123,0.0,0.0547636160024123,0.0547636160024123,0.07530938336918498,0.0,0.07530938336918498,0.07530938336918498,0.27610364006703014,0.0,0.27610364006703014,0.27610364006703014,0.5531699218756679,0.0,0.5531699218756679,0.5531699218756679,0.38639650601569175,0.0,0.38639650601569175,0.38639650601569175
interest,groupkfold_subject_fold_1,rf_reg,1,9115,543.5329978466034,0.051183837099394384,0.0,0.051183837099394384,0.051183837099394384,0.07369342943791514,0.0,0.07369342943791514,0.07369342943791514,0.3068364062558936,0.0,0.3068364062558936,0.3068364062558936,0.556301599294662,0.0,0.556301599294662,0.556301599294662,0.39526174209704473,0.0,0.39526174209704473,0.39526174209704473
relaxation,groupkfold_subject_fold_1,hgb_reg,1,9060,12.01047134399414,0.11695508595690354,0.0,0.11695508595690354,0.11695508595690354,0.14864677845956464,0.0,0.14864677845956464,0.14864677845956464,0.221360490576045,0.0,0.221360490576045,0.221360490576045,0.5042441500985063,0.0,0.5042441500985063,0.5042441500985063,0.4637322343437567,0.0,0.4637322343437567,0.4637322343437567
relaxation,groupkfold_subject_fold_1,lgbm_reg,1,9060,9.731250047683716,0.1172052320445729,0.0,0.1172052320445729,0.1172052320445729,0.14889849385437637,0.0,0.14889849385437637,0.14889849385437637,0.21872119356631847,0.0,0.21872119356631847,0.21872119356631847,0.5056061269055794,0.0,0.5056061269055794,0.5056061269055794,0.4655469491315444,0.0,0.4655469491315444,0.4655469491315444
relaxation,groupkfold_subject_fold_1,rf_reg,1,9060,478.53585958480835,0.11218889586857721,0.0,0.11218889586857721,0.11218889586857721,0.14442554093268928,0.0,0.14442554093268928,0.14442554093268928,0.2649558262171139,0.0,0.2649558262171139,0.2649558262171139,0.5252503715860176,0.0,0.5252503715860176,0.5252503715860176,0.48407236957593036,0.0,0.48407236957593036,0.48407236957593036
stress,groupkfold_subject_fold_1,hgb_reg,1,9123,11.403371810913086,0.09953200700992977,0.0,0.09953200700992977,0.09953200700992977,0.1382409896630439,0.0,0.1382409896630439,0.1382409896630439,0.2346012039527181,0.0,0.2346012039527181,0.2346012039527181,0.48663925175460654,0.0,0.48663925175460654,0.48663925175460654,0.35054313803318926,0.0,0.35054313803318926,0.35054313803318926
stress,groupkfold_subject_fold_1,lgbm_reg,1,9123,9.207968950271606,0.10010744122309571,0.0,0.10010744122309571,0.10010744122309571,0.1392226597775512,0.0,0.1392226597775512,0.1392226597775512,0.2236921831431159,0.0,0.2236921831431159,0.2236921831431159,0.476885942414315,0.0,0.476885942414315,0.476885942414315,0.339393927441245,0.0,0.339393927441245,0.339393927441245
stress,groupkfold_subject_fold_1,rf_reg,1,9123,598.2044775485992,0.0973092621279594,0.0,0.0973092621279594,0.0973092621279594,0.13527078532988177,0.0,0.13527078532988177,0.13527078532988177,0.267138125604258,0.0,0.267138125604258,0.267138125604258,0.5229469963366968,0.0,0.5229469963366968,0.5229469963366968,0.41658520465455134,0.0,0.41658520465455134,0.41658520465455134
attention,groupkfold_subject_fold_2,hgb_reg,1,8593,14.897217035293579,0.08605791107967942,0.0,0.08605791107967942,0.08605791107967942,0.11091727259141446,0.0,0.11091727259141446,0.11091727259141446,0.11064546563914779,0.0,0.11064546563914779,0.11064546563914779,0.45897278404972003,0.0,0.45897278404972003,0.45897278404972003,0.4589328914535901,0.0,0.4589328914535901,0.4589328914535901
attention,groupkfold_subject_fold_2,lgbm_reg,1,8593,21.844049215316772,0.08696091398179498,0.0,0.08696091398179498,0.08696091398179498,0.11154526879769738,0.0,0.11154526879769738,0.11154526879769738,0.1005461842168135,0.0,0.1005461842168135,0.1005461842168135,0.47131521597838894,0.0,0.47131521597838894,0.47131521597838894,0.4716551049328488,0.0,0.4716551049328488,0.4716551049328488
attention,groupkfold_subject_fold_2,rf_reg,1,8593,471.26687264442444,0.08575616680477423,0.0,0.08575616680477423,0.08575616680477423,0.11102547951164034,0.0,0.11102547951164034,0.11102547951164034,0.10890937432931003,0.0,0.10890937432931003,0.10890937432931003,0.43112916073852386,0.0,0.43112916073852386,0.43112916073852386,0.43508423294255333,0.0,0.43508423294255333,0.43508423294255333
engagement,groupkfold_subject_fold_2,hgb_reg,1,9644,12.68592119216919,0.08208443843467376,0.0,0.08208443843467376,0.08208443843467376,0.10549949277028284,0.0,0.10549949277028284,0.10549949277028284,0.30560226321437867,0.0,0.30560226321437867,0.30560226321437867,0.5618116995602523,0.0,0.5618116995602523,0.5618116995602523,0.47654049533414716,0.0,0.47654049533414716,0.47654049533414716
engagement,groupkfold_subject_fold_2,lgbm_reg,1,9644,10.451007604598999,0.08278178236666472,0.0,0.08278178236666472,0.08278178236666472,0.10654794043031075,0.0,0.10654794043031075,0.10654794043031075,0.29173191615401717,0.0,0.29173191615401717,0.29173191615401717,0.5562917407882938,0.0,0.5562917407882938,0.5562917407882938,0.4707456385400716,0.0,0.4707456385400716,0.4707456385400716
engagement,groupkfold_subject_fold_2,rf_reg,1,9644,462.75935769081116,0.07936017303987951,0.0,0.07936017303987951,0.07936017303987951,0.10360637944780318,0.0,0.10360637944780318,0.10360637944780318,0.33029961537126085,0.0,0.33029961537126085,0.33029961537126085,0.577329010308028,0.0,0.577329010308028,0.577329010308028,0.49127306651263686,0.0,0.49127306651263686,0.49127306651263686
excitement,groupkfold_subject_fold_2,hgb_reg,1,10161,12.710796594619751,0.15822751815899802,0.0,0.15822751815899802,0.15822751815899802,0.21099196819504074,0.0,0.21099196819504074,0.21099196819504074,0.19086917419769012,0.0,0.19086917419769012,0.19086917419769012,0.47137725056401825,0.0,0.47137725056401825,0.47137725056401825,0.40800398476992733,0.0,0.40800398476992733,0.40800398476992733
excitement,groupkfold_subject_fold_2,lgbm_reg,1,10161,15.387125253677368,0.15712162840490218,0.0,0.15712162840490218,0.15712162840490218,0.20934952324599193,0.0,0.20934952324599193,0.20934952324599193,0.20341733232873482,0.0,0.20341733232873482,0.20341733232873482,0.4814611189431066,0.0,0.4814611189431066,0.4814611189431066,0.4166548143972984,0.0,0.4166548143972984,0.4166548143972984
excitement,groupkfold_subject_fold_2,rf_reg,1,10161,521.5692613124847,0.15255190266851473,0.0,0.15255190266851473,0.15255190266851473,0.20176338607298228,0.0,0.20176338607298228,0.20176338607298228,0.26010240475208635,0.0,0.26010240475208635,0.26010240475208635,0.511526088415029,0.0,0.511526088415029,0.511526088415029,0.42970625360497106,0.0,0.42970625360497106,0.42970625360497106
focus,groupkfold_subject_fold_2,hgb_reg,1,8986,12.151264667510986,0.08758396045623347,0.0,0.08758396045623347,0.08758396045623347,0.1139607499878889,0.0,0.1139607499878889,0.1139607499878889,0.22499793469089713,0.0,0.22499793469089713,0.22499793469089713,0.4996545391123107,0.0,0.4996545391123107,0.4996545391123107,0.5007560374469101,0.0,0.5007560374469101,0.5007560374469101
focus,groupkfold_subject_fold_2,lgbm_reg,1,8986,9.749146938323975,0.08792538087639976,0.0,0.08792538087639976,0.08792538087639976,0.1142804342437364,0.0,0.1142804342437364,0.1142804342437364,0.22064374322132252,0.0,0.22064374322132252,0.22064374322132252,0.4908143889185974,0.0,0.4908143889185974,0.4908143889185974,0.49369822713035216,0.0,0.49369822713035216,0.49369822713035216
focus,groupkfold_subject_fold_2,rf_reg,1,8986,475.070476770401,0.08875384759919011,0.0,0.08875384759919011,0.08875384759919011,0.11493818264469631,0.0,0.11493818264469631,0.11493818264469631,0.21164665557903772,0.0,0.21164665557903772,0.21164665557903772,0.4778329216035098,0.0,0.4778329216035098,0.4778329216035098,0.47364296652426147,0.0,0.47364296652426147,0.47364296652426147
interest,groupkfold_subject_fold_2,hgb_reg,1,9114,11.77967643737793,0.05783893011707771,0.0,0.05783893011707771,0.05783893011707771,0.07896769409805023,0.0,0.07896769409805023,0.07896769409805023,0.11710136638679147,0.0,0.11710136638679147,0.11710136638679147,0.4047783430522997,0.0,0.4047783430522997,0.4047783430522997,0.3517088745415916,0.0,0.3517088745415916,0.3517088745415916
interest,groupkfold_subject_fold_2,lgbm_reg,1,9114,9.486930131912231,0.05831844820908813,0.0,0.05831844820908813,0.05831844820908813,0.07905317226933592,0.0,0.07905317226933592,0.07905317226933592,0.11518895380413863,0.0,0.11518895380413863,0.11518895380413863,0.40572469285043183,0.0,0.40572469285043183,0.40572469285043183,0.35242284245724353,0.0,0.35242284245724353,0.35242284245724353
interest,groupkfold_subject_fold_2,rf_reg,1,9114,574.4273993968964,0.05890342045679217,0.0,0.05890342045679217,0.05890342045679217,0.07986430204147761,0.0,0.07986430204147761,0.07986430204147761,0.09693848906506586,0.0,0.09693848906506586,0.09693848906506586,0.36742970980319706,0.0,0.36742970980319706,0.36742970980319706,0.3085682537033943,0.0,0.3085682537033943,0.3085682537033943
relaxation,groupkfold_subject_fold_2,hgb_reg,1,9108,12.087602138519287,0.10613627379674602,0.0,0.10613627379674602,0.10613627379674602,0.1335323271815543,0.0,0.1335323271815543,0.1335323271815543,0.18997168375936357,0.0,0.18997168375936357,0.18997168375936357,0.4494060805158031,0.0,0.4494060805158031,0.4494060805158031,0.41443260147810185,0.0,0.41443260147810185,0.41443260147810185
relaxation,groupkfold_subject_fold_2,lgbm_reg,1,9108,9.623917818069458,0.10569258465795649,0.0,0.10569258465795649,0.10569258465795649,0.13330809255297188,0.0,0.13330809255297188,0.13330809255297188,0.19268988534671583,0.0,0.19268988534671583,0.19268988534671583,0.4571421899009861,0.0,0.4571421899009861,0.4571421899009861,0.42090265355439577,0.0,0.42090265355439577,0.42090265355439577
relaxation,groupkfold_subject_fold_2,rf_reg,1,9108,465.9948296546936,0.10735642288028528,0.0,0.10735642288028528,0.10735642288028528,0.1341588686372847,0.0,0.1341588686372847,0.1341588686372847,0.18235245058574268,0.0,0.18235245058574268,0.18235245058574268,0.4307511615733474,0.0,0.4307511615733474,0.4307511615733474,0.3792255768172929,0.0,0.3792255768172929,0.3792255768172929
stress,groupkfold_subject_fold_2,hgb_reg,1,8986,11.466876983642578,0.071765681725424,0.0,0.071765681725424,0.071765681725424,0.10523267660896067,0.0,0.10523267660896067,0.10523267660896067,0.18210000496130452,0.0,0.18210000496130452,0.18210000496130452,0.44514786422659397,0.0,0.44514786422659397,0.44514786422659397,0.3782896528695185,0.0,0.3782896528695185,0.3782896528695185
stress,groupkfold_subject_fold_2,lgbm_reg,1,8986,9.248192548751831,0.07258697711279673,0.0,0.07258697711279673,0.07258697711279673,0.10481878810889653,0.0,0.10481878810889653,0.10481878810889653,0.18852108444247606,0.0,0.18852108444247606,0.18852108444247606,0.4470820849629674,0.0,0.4470820849629674,0.4470820849629674,0.36989852444989246,0.0,0.36989852444989246,0.36989852444989246
stress,groupkfold_subject_fold_2,rf_reg,1,8986,645.8494265079498,0.07357622802887205,0.0,0.07357622802887205,0.07357622802887205,0.10676020133893364,0.0,0.10676020133893364,0.10676020133893364,0.15818290643849064,0.0,0.15818290643849064,0.15818290643849064,0.4105717783371157,0.0,0.4105717783371157,0.4105717783371157,0.3266536722251774,0.0,0.3266536722251774,0.3266536722251774
attention,groupkfold_subject_fold_3,hgb_reg,1,8660,15.641032934188843,0.10170531533287744,0.0,0.10170531533287744,0.10170531533287744,0.12815559589771322,0.0,0.12815559589771322,0.12815559589771322,0.12946892550173617,0.0,0.12946892550173617,0.12946892550173617,0.40099916481095177,0.0,0.40099916481095177,0.40099916481095177,0.4000331028614878,0.0,0.4000331028614878,0.4000331028614878
attention,groupkfold_subject_fold_3,lgbm_reg,1,8660,15.404003620147705,0.10103512593416356,0.0,0.10103512593416356,0.10103512593416356,0.12758241946669147,0.0,0.12758241946669147,0.12758241946669147,0.13723841965303984,0.0,0.13723841965303984,0.13723841965303984,0.41439658247847005,0.0,0.41439658247847005,0.41439658247847005,0.41240470689681225,0.0,0.41240470689681225,0.41240470689681225
attention,groupkfold_subject_fold_3,rf_reg,1,8660,445.23815846443176,0.09868685032721193,0.0,0.09868685032721193,0.09868685032721193,0.12611838496457028,0.0,0.12611838496457028,0.12611838496457028,0.15692554405247394,0.0,0.15692554405247394,0.15692554405247394,0.41566760634831196,0.0,0.41566760634831196,0.41566760634831196,0.41479614127698,0.0,0.41479614127698,0.41479614127698
engagement,groupkfold_subject_fold_3,hgb_reg,1,9717,12.7087984085083,0.09200199627707734,0.0,0.09200199627707734,0.09200199627707734,0.11562342506578774,0.0,0.11562342506578774,0.11562342506578774,0.20073154646939084,0.0,0.20073154646939084,0.20073154646939084,0.5197878416669743,0.0,0.5197878416669743,0.5197878416669743,0.4292697532571911,0.0,0.4292697532571911,0.4292697532571911
engagement,groupkfold_subject_fold_3,lgbm_reg,1,9717,10.345768451690674,0.09216441355305861,0.0,0.09216441355305861,0.09216441355305861,0.1161047606448454,0.0,0.1161047606448454,0.1161047606448454,0.1940630513462226,0.0,0.1940630513462226,0.1940630513462226,0.5219876535873255,0.0,0.5219876535873255,0.5219876535873255,0.4333602206064959,0.0,0.4333602206064959,0.4333602206064959
engagement,groupkfold_subject_fold_3,rf_reg,1,9717,449.1323459148407,0.08957066156333617,0.0,0.08957066156333617,0.08957066156333617,0.11262375215042908,0.0,0.11262375215042908,0.11262375215042908,0.24166518298278583,0.0,0.24166518298278583,0.24166518298278583,0.5166807197301087,0.0,0.5166807197301087,0.5166807197301087,0.41616580149146887,0.0,0.41616580149146887,0.41616580149146887
excitement,groupkfold_subject_fold_3,hgb_reg,1,10319,12.721638202667236,0.14399562234605665,0.0,0.14399562234605665,0.14399562234605665,0.18866781120973636,0.0,0.18866781120973636,0.18866781120973636,0.4049007017764933,0.0,0.4049007017764933,0.4049007017764933,0.6363787534253151,0.0,0.6363787534253151,0.6363787534253151,0.5793145417408222,0.0,0.5793145417408222,0.5793145417408222
excitement,groupkfold_subject_fold_3,lgbm_reg,1,10319,10.31719422340393,0.14379617159117444,0.0,0.14379617159117444,0.14379617159117444,0.18783623552586667,0.0,0.18783623552586667,0.18783623552586667,0.4101350817533921,0.0,0.4101350817533921,0.4101350817533921,0.6407381195216673,0.0,0.6407381195216673,0.6407381195216673,0.5796244779973968,0.0,0.5796244779973968,0.5796244779973968
excitement,groupkfold_subject_fold_3,rf_reg,1,10319,529.7113852500916,0.144701287921375,0.0,0.144701287921375,0.144701287921375,0.18885295822371562,0.0,0.18885295822371562,0.18885295822371562,0.4037321408041967,0.0,0.4037321408041967,0.4037321408041967,0.6404581146059027,0.0,0.6404581146059027,0.6404581146059027,0.5758990270878006,0.0,0.5758990270878006,0.5758990270878006
focus,groupkfold_subject_fold_3,hgb_reg,1,9107,12.224461555480957,0.10019622974466375,0.0,0.10019622974466375,0.10019622974466375,0.12809224556484616,0.0,0.12809224556484616,0.12809224556484616,0.08012745293315049,0.0,0.08012745293315049,0.08012745293315049,0.3330264879624137,0.0,0.3330264879624137,0.3330264879624137,0.33105202242769166,0.0,0.33105202242769166,0.33105202242769166
focus,groupkfold_subject_fold_3,lgbm_reg,1,9107,14.317827939987183,0.10038951492078396,0.0,0.10038951492078396,0.10038951492078396,0.12877994303936804,0.0,0.12877994303936804,0.12877994303936804,0.07022377531699564,0.0,0.07022377531699564,0.07022377531699564,0.32361907877043256,0.0,0.32361907877043256,0.32361907877043256,0.32741056743181063,0.0,0.32741056743181063,0.32741056743181063
focus,groupkfold_subject_fold_3,rf_reg,1,9107,439.1565284729004,0.09916429827548202,0.0,0.09916429827548202,0.09916429827548202,0.12673017036002862,0.0,0.12673017036002862,0.12673017036002862,0.0995864608738839,0.0,0.0995864608738839,0.0995864608738839,0.3311288630890303,0.0,0.3311288630890303,0.3311288630890303,0.32391175954976764,0.0,0.32391175954976764,0.32391175954976764
interest,groupkfold_subject_fold_3,hgb_reg,1,8991,11.86906099319458,0.06597615416280701,0.0,0.06597615416280701,0.06597615416280701,0.09141098254955331,0.0,0.09141098254955331,0.09141098254955331,0.1918561606965551,0.0,0.1918561606965551,0.1918561606965551,0.4473884308567129,0.0,0.4473884308567129,0.4473884308567129,0.34088359560092535,0.0,0.34088359560092535,0.34088359560092535
interest,groupkfold_subject_fold_3,lgbm_reg,1,8991,9.724533796310425,0.06553204938758232,0.0,0.06553204938758232,0.06553204938758232,0.09078983029084998,0.0,0.09078983029084998,0.09078983029084998,0.20280177879845052,0.0,0.20280177879845052,0.20280177879845052,0.4587305525747633,0.0,0.4587305525747633,0.4587305525747633,0.35789365602876755,0.0,0.35789365602876755,0.35789365602876755
interest,groupkfold_subject_fold_3,rf_reg,1,8991,572.8194983005524,0.06785912881309178,0.0,0.06785912881309178,0.06785912881309178,0.09384011323253044,0.0,0.09384011323253044,0.09384011323253044,0.1483346885100183,0.0,0.1483346885100183,0.1483346885100183,0.40994826550035063,0.0,0.40994826550035063,0.40994826550035063,0.30903720586733996,0.0,0.30903720586733996,0.30903720586733996
relaxation,groupkfold_subject_fold_3,hgb_reg,1,9126,11.979106187820435,0.1335561246000298,0.0,0.1335561246000298,0.1335561246000298,0.16200962001758323,0.0,0.16200962001758323,0.16200962001758323,0.2003716645117073,0.0,0.2003716645117073,0.2003716645117073,0.486411206094272,0.0,0.486411206094272,0.486411206094272,0.4687794570056369,0.0,0.4687794570056369,0.4687794570056369
relaxation,groupkfold_subject_fold_3,lgbm_reg,1,9126,9.620959281921387,0.13518869258484184,0.0,0.13518869258484184,0.13518869258484184,0.16407580357140839,0.0,0.16407580357140839,0.16407580357140839,0.17984554493439364,0.0,0.17984554493439364,0.17984554493439364,0.4743117324336835,0.0,0.4743117324336835,0.4743117324336835,0.4615521626921438,0.0,0.4615521626921438,0.4615521626921438
relaxation,groupkfold_subject_fold_3,rf_reg,1,9126,459.2234275341034,0.13880966645856332,0.0,0.13880966645856332,0.13880966645856332,0.16649320994857317,0.0,0.16649320994857317,0.16649320994857317,0.15550006313464293,0.0,0.15550006313464293,0.15550006313464293,0.43826813422790906,0.0,0.43826813422790906,0.43826813422790906,0.4249406339362181,0.0,0.4249406339362181,0.4249406339362181
stress,groupkfold_subject_fold_3,hgb_reg,1,9107,11.433491468429565,0.11123976970542498,0.0,0.11123976970542498,0.11123976970542498,0.1534558098525275,0.0,0.1534558098525275,0.1534558098525275,0.15894524542840693,0.0,0.15894524542840693,0.15894524542840693,0.4049940112687574,0.0,0.4049940112687574,0.4049940112687574,0.3305958334691074,0.0,0.3305958334691074,0.3305958334691074
stress,groupkfold_subject_fold_3,lgbm_reg,1,9107,9.244189262390137,0.11115985391950375,0.0,0.11115985391950375,0.11115985391950375,0.15379200011407457,0.0,0.15379200011407457,0.15379200011407457,0.15525605116842078,0.0,0.15525605116842078,0.15525605116842078,0.4014718482161911,0.0,0.4014718482161911,0.4014718482161911,0.33953161436508633,0.0,0.33953161436508633,0.33953161436508633
stress,groupkfold_subject_fold_3,rf_reg,1,9107,598.2420265674591,0.11221313688350096,0.0,0.11221313688350096,0.11221313688350096,0.15041443939761903,0.0,0.15041443939761903,0.15041443939761903,0.19195293331457386,0.0,0.19195293331457386,0.19195293331457386,0.4409730052982863,0.0,0.4409730052982863,0.4409730052982863,0.3131493437669466,0.0,0.3131493437669466,0.3131493437669466
attention,groupkfold_subject_fold_4,hgb_reg,1,8615,14.74010181427002,0.08669181087046703,0.0,0.08669181087046703,0.08669181087046703,0.11299984181983025,0.0,0.11299984181983025,0.11299984181983025,0.17199484754961947,0.0,0.17199484754961947,0.17199484754961947,0.41958943556753636,0.0,0.41958943556753636,0.41958943556753636,0.38561270538974907,0.0,0.38561270538974907,0.38561270538974907
attention,groupkfold_subject_fold_4,lgbm_reg,1,8615,15.118546962738037,0.0864840027640021,0.0,0.0864840027640021,0.0864840027640021,0.11288012234510365,0.0,0.11288012234510365,0.11288012234510365,0.1737484045242067,0.0,0.1737484045242067,0.1737484045242067,0.42414629462228354,0.0,0.42414629462228354,0.42414629462228354,0.39786749212389605,0.0,0.39786749212389605,0.39786749212389605
attention,groupkfold_subject_fold_4,rf_reg,1,8615,424.12657380104065,0.08177263462183539,0.0,0.08177263462183539,0.08177263462183539,0.10943211302301356,0.0,0.10943211302301356,0.10943211302301356,0.22345444453579233,0.0,0.22345444453579233,0.22345444453579233,0.47831340680552364,0.0,0.47831340680552364,0.47831340680552364,0.43426053753046784,0.0,0.43426053753046784,0.43426053753046784
engagement,groupkfold_subject_fold_4,hgb_reg,1,9733,12.659137487411499,0.08465150366715557,0.0,0.08465150366715557,0.08465150366715557,0.10705287064267766,0.0,0.10705287064267766,0.10705287064267766,0.35621757785340324,0.0,0.35621757785340324,0.35621757785340324,0.60037289547565,0.0,0.60037289547565,0.60037289547565,0.5264734492672061,0.0,0.5264734492672061,0.5264734492672061
engagement,groupkfold_subject_fold_4,lgbm_reg,1,9733,10.395608901977539,0.08415594347625316,0.0,0.08415594347625316,0.08415594347625316,0.10680079957878506,0.0,0.10680079957878506,0.10680079957878506,0.3592457613071385,0.0,0.3592457613071385,0.3592457613071385,0.603159009965167,0.0,0.603159009965167,0.603159009965167,0.5321679368541083,0.0,0.5321679368541083,0.5321679368541083
engagement,groupkfold_subject_fold_4,rf_reg,1,9733,464.85831356048584,0.07978138389584255,0.0,0.07978138389584255,0.07978138389584255,0.10264171658853448,0.0,0.10264171658853448,0.10264171658853448,0.4081791072333192,0.0,0.4081791072333192,0.4081791072333192,0.6424806514376039,0.0,0.6424806514376039,0.6424806514376039,0.5654950113575288,0.0,0.5654950113575288,0.5654950113575288
excitement,groupkfold_subject_fold_4,hgb_reg,1,10032,12.833724021911621,0.1477821974113774,0.0,0.1477821974113774,0.1477821974113774,0.19391350001149818,0.0,0.19391350001149818,0.19391350001149818,0.2870151760110985,0.0,0.2870151760110985,0.2870151760110985,0.554729702137156,0.0,0.554729702137156,0.554729702137156,0.5188357574479058,0.0,0.5188357574479058,0.5188357574479058
excitement,groupkfold_subject_fold_4,lgbm_reg,1,10032,10.654627561569214,0.14875385481318873,0.0,0.14875385481318873,0.14875385481318873,0.19462497842871165,0.0,0.19462497842871165,0.19462497842871165,0.28177362325966115,0.0,0.28177362325966115,0.28177362325966115,0.5525415877070702,0.0,0.5525415877070702,0.5525415877070702,0.5084409940374427,0.0,0.5084409940374427,0.5084409940374427
excitement,groupkfold_subject_fold_4,rf_reg,1,10032,530.3838827610016,0.15346484526716667,0.0,0.15346484526716667,0.15346484526716667,0.1992787726792115,0.0,0.1992787726792115,0.1992787726792115,0.2470150860716992,0.0,0.2470150860716992,0.2470150860716992,0.5166133643723668,0.0,0.5166133643723668,0.5166133643723668,0.4645722023989651,0.0,0.4645722023989651,0.4645722023989651
focus,groupkfold_subject_fold_4,hgb_reg,1,9056,12.366164684295654,0.07917664573060491,0.0,0.07917664573060491,0.07917664573060491,0.10119217649585407,0.0,0.10119217649585407,0.10119217649585407,0.175866294500581,0.0,0.175866294500581,0.175866294500581,0.4218705453134919,0.0,0.4218705453134919,0.4218705453134919,0.3986632017991834,0.0,0.3986632017991834,0.3986632017991834
focus,groupkfold_subject_fold_4,lgbm_reg,1,9056,9.934293746948242,0.07873273367289137,0.0,0.07873273367289137,0.07873273367289137,0.10071688795898119,0.0,0.10071688795898119,0.10071688795898119,0.18358984443518922,0.0,0.18358984443518922,0.18358984443518922,0.4309617283411307,0.0,0.4309617283411307,0.4309617283411307,0.40549204014978174,0.0,0.40549204014978174,0.40549204014978174
focus,groupkfold_subject_fold_4,rf_reg,1,9056,472.8468737602234,0.08038815932080397,0.0,0.08038815932080397,0.08038815932080397,0.10256796542968222,0.0,0.10256796542968222,0.10256796542968222,0.15330443717473852,0.0,0.15330443717473852,0.15330443717473852,0.3941038046190777,0.0,0.3941038046190777,0.3941038046190777,0.37193448006373553,0.0,0.37193448006373553,0.37193448006373553
interest,groupkfold_subject_fold_4,hgb_reg,1,9073,11.61286449432373,0.06847388555867294,0.0,0.06847388555867294,0.06847388555867294,0.09074751362663631,0.0,0.09074751362663631,0.09074751362663631,0.18088851215178092,0.0,0.18088851215178092,0.18088851215178092,0.4354128640966946,0.0,0.4354128640966946,0.4354128640966946,0.3927851898247957,0.0,0.3927851898247957,0.3927851898247957
interest,groupkfold_subject_fold_4,lgbm_reg,1,9073,9.489974021911621,0.06877300954120098,0.0,0.06877300954120098,0.06877300954120098,0.0911629500132832,0.0,0.0911629500132832,0.0911629500132832,0.1733716642896147,0.0,0.1733716642896147,0.1733716642896147,0.4278655441458725,0.0,0.4278655441458725,0.4278655441458725,0.39928658399564526,0.0,0.39928658399564526,0.39928658399564526
interest,groupkfold_subject_fold_4,rf_reg,1,9073,607.455724477768,0.06914969954840046,0.0,0.06914969954840046,0.06914969954840046,0.09039776809006597,0.0,0.09039776809006597,0.09039776809006597,0.18719014004261325,0.0,0.18719014004261325,0.18719014004261325,0.4523403168817019,0.0,0.4523403168817019,0.4523403168817019,0.4293601643040212,0.0,0.4293601643040212,0.4293601643040212
relaxation,groupkfold_subject_fold_4,hgb_reg,1,8987,12.039704084396362,0.10783502928375426,0.0,0.10783502928375426,0.10783502928375426,0.1344225717149905,0.0,0.1344225717149905,0.1344225717149905,0.2616305425345875,0.0,0.2616305425345875,0.2616305425345875,0.5316428550671696,0.0,0.5316428550671696,0.5316428550671696,0.5232090573940864,0.0,0.5232090573940864,0.5232090573940864
relaxation,groupkfold_subject_fold_4,lgbm_reg,1,8987,9.789294719696045,0.10728992085438568,0.0,0.10728992085438568,0.10728992085438568,0.1339252160191557,0.0,0.1339252160191557,0.1339252160191557,0.2670842826562527,0.0,0.2670842826562527,0.2670842826562527,0.5343337839612263,0.0,0.5343337839612263,0.5343337839612263,0.5267347766661054,0.0,0.5267347766661054,0.5267347766661054
relaxation,groupkfold_subject_fold_4,rf_reg,1,8987,461.13746523857117,0.1112031246337991,0.0,0.1112031246337991,0.1112031246337991,0.13615173833072863,0.0,0.13615173833072863,0.13615173833072863,0.24251209049123068,0.0,0.24251209049123068,0.24251209049123068,0.5370002243136187,0.0,0.5370002243136187,0.5370002243136187,0.5312003333790786,0.0,0.5312003333790786,0.5312003333790786
stress,groupkfold_subject_fold_4,hgb_reg,1,9056,11.624336957931519,0.061498415863203836,0.0,0.061498415863203836,0.061498415863203836,0.08794952645878956,0.0,0.08794952645878956,0.08794952645878956,0.2129406361026389,0.0,0.2129406361026389,0.2129406361026389,0.4946732313330104,0.0,0.4946732313330104,0.4946732313330104,0.3511687697515852,0.0,0.3511687697515852,0.3511687697515852
stress,groupkfold_subject_fold_4,lgbm_reg,1,9056,13.717549324035645,0.06128784183443494,0.0,0.06128784183443494,0.06128784183443494,0.08737007897108154,0.0,0.08737007897108154,0.08737007897108154,0.2232774107461183,0.0,0.2232774107461183,0.2232774107461183,0.506794115689631,0.0,0.506794115689631,0.506794115689631,0.3860666954878629,0.0,0.3860666954878629,0.3860666954878629
stress,groupkfold_subject_fold_4,rf_reg,1,9056,564.5938341617584,0.06336291588762241,0.0,0.06336291588762241,0.06336291588762241,0.08936488907966555,0.0,0.08936488907966555,0.08936488907966555,0.18740467276904815,0.0,0.18740467276904815,0.18740467276904815,0.4759500193167893,0.0,0.4759500193167893,0.4759500193167893,0.32708136252559045,0.0,0.32708136252559045,0.32708136252559045
attention,groupkfold_subject_fold_5,hgb_reg,1,8702,14.54112958908081,0.09241096427033259,0.0,0.09241096427033259,0.09241096427033259,0.11777897821194352,0.0,0.11777897821194352,0.11777897821194352,0.01727066844969627,0.0,0.01727066844969627,0.01727066844969627,0.3225974731804581,0.0,0.3225974731804581,0.3225974731804581,0.31908679169640436,0.0,0.31908679169640436,0.31908679169640436
attention,groupkfold_subject_fold_5,lgbm_reg,1,8702,10.861619710922241,0.09310501888983756,0.0,0.09310501888983756,0.09310501888983756,0.11867972737593648,0.0,0.11867972737593648,0.11867972737593648,0.0021817702101902814,0.0,0.0021817702101902814,0.0021817702101902814,0.32153360151964866,0.0,0.32153360151964866,0.32153360151964866,0.31636268897325276,0.0,0.31636268897325276,0.31636268897325276
attention,groupkfold_subject_fold_5,rf_reg,1,8702,413.45465326309204,0.09462864807920018,0.0,0.09462864807920018,0.09462864807920018,0.12009433849760821,0.0,0.12009433849760821,0.12009433849760821,-0.021747121094472632,0.0,-0.021747121094472632,-0.021747121094472632,0.25407082029417827,0.0,0.25407082029417827,0.25407082029417827,0.2505665769722231,0.0,0.2505665769722231,0.2505665769722231
engagement,groupkfold_subject_fold_5,hgb_reg,1,9643,12.788502216339111,0.08535208857303495,0.0,0.08535208857303495,0.08535208857303495,0.11076035659053504,0.0,0.11076035659053504,0.11076035659053504,0.25438589931355793,0.0,0.25438589931355793,0.25438589931355793,0.5672242373187167,0.0,0.5672242373187167,0.5672242373187167,0.5013843857729317,0.0,0.5013843857729317,0.5013843857729317
engagement,groupkfold_subject_fold_5,lgbm_reg,1,9643,10.557905435562134,0.08529873689672075,0.0,0.08529873689672075,0.08529873689672075,0.1108699441989909,0.0,0.1108699441989909,0.1108699441989909,0.2529097305633804,0.0,0.2529097305633804,0.2529097305633804,0.5658656423966965,0.0,0.5658656423966965,0.5658656423966965,0.509236309652813,0.0,0.509236309652813,0.509236309652813
engagement,groupkfold_subject_fold_5,rf_reg,1,9643,460.68475914001465,0.08458399626552833,0.0,0.08458399626552833,0.08458399626552833,0.10959026446610666,0.0,0.10959026446610666,0.10959026446610666,0.27005628758085143,0.0,0.27005628758085143,0.27005628758085143,0.5519743315313133,0.0,0.5519743315313133,0.5519743315313133,0.4672538111454284,0.0,0.4672538111454284,0.4672538111454284
excitement,groupkfold_subject_fold_5,hgb_reg,1,10296,12.7234787940979,0.1226204931099529,0.0,0.1226204931099529,0.1226204931099529,0.15903045218118309,0.0,0.15903045218118309,0.15903045218118309,0.40961029725415343,0.0,0.40961029725415343,0.40961029725415343,0.6502869631042032,0.0,0.6502869631042032,0.6502869631042032,0.5565869034525253,0.0,0.5565869034525253,0.5565869034525253
excitement,groupkfold_subject_fold_5,lgbm_reg,1,10296,10.55356502532959,0.12268052237558871,0.0,0.12268052237558871,0.12268052237558871,0.15957238614820132,0.0,0.15957238614820132,0.15957238614820132,0.4055796555016644,0.0,0.4055796555016644,0.4055796555016644,0.6446387351444992,0.0,0.6446387351444992,0.6446387351444992,0.5477965154206191,0.0,0.5477965154206191,0.5477965154206191
excitement,groupkfold_subject_fold_5,rf_reg,1,10296,506.4765853881836,0.13415384930550986,0.0,0.13415384930550986,0.13415384930550986,0.16942057485482173,0.0,0.16942057485482173,0.16942057485482173,0.32994494405363917,0.0,0.32994494405363917,0.32994494405363917,0.611862085333472,0.0,0.611862085333472,0.611862085333472,0.537136235511963,0.0,0.537136235511963,0.537136235511963
focus,groupkfold_subject_fold_5,hgb_reg,1,9106,12.387264966964722,0.0888926421489808,0.0,0.0888926421489808,0.0888926421489808,0.11435454943302725,0.0,0.11435454943302725,0.11435454943302725,0.023561628254755496,0.0,0.023561628254755496,0.023561628254755496,0.301408983596173,0.0,0.301408983596173,0.301408983596173,0.2586504160504841,0.0,0.2586504160504841,0.2586504160504841
focus,groupkfold_subject_fold_5,lgbm_reg,1,9106,9.763198137283325,0.08938412828307495,0.0,0.08938412828307495,0.08938412828307495,0.11553733113205766,0.0,0.11553733113205766,0.11553733113205766,0.0032583497141073225,0.0,0.0032583497141073225,0.0032583497141073225,0.28835700015918586,0.0,0.28835700015918586,0.28835700015918586,0.25172726013875957,0.0,0.25172726013875957,0.25172726013875957
focus,groupkfold_subject_fold_5,rf_reg,1,9106,457.379891872406,0.08414952925957472,0.0,0.08414952925957472,0.08414952925957472,0.11235339371795865,0.0,0.11235339371795865,0.11235339371795865,0.05743711654396988,0.0,0.05743711654396988,0.05743711654396988,0.34417227231989916,0.0,0.34417227231989916,0.34417227231989916,0.3169478738837442,0.0,0.3169478738837442,0.3169478738837442
interest,groupkfold_subject_fold_5,hgb_reg,1,9141,11.751000165939331,0.07372612847286614,0.0,0.07372612847286614,0.07372612847286614,0.1035790519444556,0.0,0.1035790519444556,0.1035790519444556,0.12612972426945146,0.0,0.12612972426945146,0.12612972426945146,0.4200573626382898,0.0,0.4200573626382898,0.4200573626382898,0.29728971954738553,0.0,0.29728971954738553,0.29728971954738553
interest,groupkfold_subject_fold_5,lgbm_reg,1,9141,9.805018901824951,0.07507046493830016,0.0,0.07507046493830016,0.07507046493830016,0.1055433361607395,0.0,0.1055433361607395,0.1055433361607395,0.09267110918257015,0.0,0.09267110918257015,0.09267110918257015,0.40536797880408115,0.0,0.40536797880408115,0.40536797880408115,0.2842665600104194,0.0,0.2842665600104194,0.2842665600104194
interest,groupkfold_subject_fold_5,rf_reg,1,9141,561.4044053554535,0.07025550895073135,0.0,0.07025550895073135,0.07025550895073135,0.10236003867896466,0.0,0.10236003867896466,0.10236003867896466,0.14657770025451144,0.0,0.14657770025451144,0.14657770025451144,0.43094402680555216,0.0,0.43094402680555216,0.43094402680555216,0.33019236300101334,0.0,0.33019236300101334,0.33019236300101334
relaxation,groupkfold_subject_fold_5,hgb_reg,1,9107,12.09917163848877,0.11479218144868343,0.0,0.11479218144868343,0.11479218144868343,0.14824564660764142,0.0,0.14824564660764142,0.14824564660764142,0.29683534643886533,0.0,0.29683534643886533,0.29683534643886533,0.5646771276642576,0.0,0.5646771276642576,0.5646771276642576,0.5177176098943748,0.0,0.5177176098943748,0.5177176098943748
relaxation,groupkfold_subject_fold_5,lgbm_reg,1,9107,14.223224639892578,0.11670103575207404,0.0,0.11670103575207404,0.11670103575207404,0.1497667110807168,0.0,0.1497667110807168,0.1497667110807168,0.2823317725972667,0.0,0.2823317725972667,0.2823317725972667,0.5543754113329542,0.0,0.5543754113329542,0.5543754113329542,0.5060944322764783,0.0,0.5060944322764783,0.5060944322764783
relaxation,groupkfold_subject_fold_5,rf_reg,1,9107,469.87520122528076,0.11024060918289103,0.0,0.11024060918289103,0.11024060918289103,0.14351407536917124,0.0,0.14351407536917124,0.14351407536917124,0.3410049858605003,0.0,0.3410049858605003,0.3410049858605003,0.5899394780326876,0.0,0.5899394780326876,0.5899394780326876,0.5358859821992796,0.0,0.5358859821992796,0.5358859821992796
stress,groupkfold_subject_fold_5,hgb_reg,1,9106,11.757254838943481,0.0983713727500069,0.0,0.0983713727500069,0.0983713727500069,0.14692319519275818,0.0,0.14692319519275818,0.14692319519275818,-0.03443802604373891,0.0,-0.03443802604373891,-0.03443802604373891,0.3338096389855279,0.0,0.3338096389855279,0.3338096389855279,0.30763154489997097,0.0,0.30763154489997097,0.30763154489997097
stress,groupkfold_subject_fold_5,lgbm_reg,1,9106,9.459255456924438,0.09868789999818327,0.0,0.09868789999818327,0.09868789999818327,0.14777376805062253,0.0,0.14777376805062253,0.14777376805062253,-0.04644990448349895,0.0,-0.04644990448349895,-0.04644990448349895,0.339152900619486,0.0,0.339152900619486,0.339152900619486,0.3100458858427556,0.0,0.3100458858427556,0.3100458858427556
stress,groupkfold_subject_fold_5,rf_reg,1,9106,584.1064741611481,0.09841174020206371,0.0,0.09841174020206371,0.09841174020206371,0.14864962500118944,0.0,0.14864962500118944,0.14864962500118944,-0.05889130876785442,0.0,-0.05889130876785442,-0.05889130876785442,0.3427031026308293,0.0,0.3427031026308293,0.3427031026308293,0.3642797346428095,0.0,0.3642797346428095,0.3642797346428095
